{"assets/images/.DS_Store":["assets/images/.DS_Store"],"packages/cupertino_icons/assets/CupertinoIcons.ttf":["packages/cupertino_icons/assets/CupertinoIcons.ttf"],"assets/images/home_center_close@2x.png":["assets/images/home_center_close@2x.png"],"assets/images/home_center_close@3x.png":["assets/images/home_center_close@3x.png"],"assets/images/home_center_focus@2x.png":["assets/images/home_center_focus@2x.png"],"assets/images/home_center_focus@3x.png":["assets/images/home_center_focus@3x.png"],"assets/images/home_center_share@2x.png":["assets/images/home_center_share@2x.png"],"assets/images/home_center_share@3x.png":["assets/images/home_center_share@3x.png"],"assets/images/home_center_whole@2x.png":["assets/images/home_center_whole@2x.png"],"assets/images/home_center_whole@3x.png":["assets/images/home_center_whole@3x.png"],"assets/images/icon_add_pictures.png":["assets/images/icon_add_pictures.png"],"assets/images/icon_back_arrow@3x.png":["assets/images/icon_back_arrow@3x.png"],"packages/beike_flutter_ui/assets/icon_back_normal.png":["packages/beike_flutter_ui/assets/icon_back_normal.png"],"assets/images/icon_delete_picture.png":["assets/images/icon_delete_picture.png"],"assets/images/icon_has_choose.png":["assets/images/icon_has_choose.png"],"assets/images/icon_hide_message.png":["assets/images/icon_hide_message.png"],"assets/images/icon_horn.png":["assets/images/icon_horn.png"],"assets/images/icon_not_choose.png":["assets/images/icon_not_choose.png"],"assets/images/icon_pwd_hide@3x.png":["assets/images/icon_pwd_hide@3x.png"],"assets/images/icon_pwd_show@3x.png":["assets/images/icon_pwd_show@3x.png"],"packages/beike_flutter_basic_plugin/assets/img_no_data.png":["packages/beike_flutter_basic_plugin/assets/img_no_data.png"],"packages/beike_flutter_ui/assets/img_no_data.png":["packages/beike_flutter_ui/assets/img_no_data.png"],"packages/beike_flutter_basic_plugin/assets/img_no_net.png":["packages/beike_flutter_basic_plugin/assets/img_no_net.png"],"packages/beike_flutter_ui/assets/img_no_net.png":["packages/beike_flutter_ui/assets/img_no_net.png"],"packages/beike_flutter_basic_plugin/assets/watching_fail.png":["packages/beike_flutter_basic_plugin/assets/watching_fail.png"],"packages/beike_flutter_ui/assets/watching_fail.png":["packages/beike_flutter_ui/assets/watching_fail.png"],"packages/beike_flutter_basic_plugin/assets/watching_friendHint.png":["packages/beike_flutter_basic_plugin/assets/watching_friendHint.png"],"packages/beike_flutter_ui/assets/watching_friendHint.png":["packages/beike_flutter_ui/assets/watching_friendHint.png"],"packages/beike_flutter_basic_plugin/assets/watching_hint.png":["packages/beike_flutter_basic_plugin/assets/watching_hint.png"],"packages/beike_flutter_ui/assets/watching_hint.png":["packages/beike_flutter_ui/assets/watching_hint.png"],"packages/beike_flutter_basic_plugin/assets/watching_success.png":["packages/beike_flutter_basic_plugin/assets/watching_success.png"],"packages/beike_flutter_ui/assets/watching_success.png":["packages/beike_flutter_ui/assets/watching_success.png"]}